Workbook
Name AAL: AAL!$C$2:$D$42
Name BCF_N: BFC_N!$C$2:$D$25
Name BCF_P: BCF_P!$C$2:$D$32
Name BI: 'biosphere integrity'!$C$2:$D$223
Name Bmat: B!$H$2:$V$210
Name Categories: Q!$B$1:$K$1
Name CO2c: 'CO2 concentration'!$C$2:$D$36
Name cvec: 'c'!$C$2:$C$16
Name elementary_flows: Q!$A$2:$A$210
Name fvec: f!$C$2:$C$4
Name FWU: freshwater!$C$2:$D$16
Name LSC: 'Land change'!$C$2:$D$11
Name OA: OA!$C$2:$D$36
Name OD: 'Ozone depletion'!$C$2:$D$76
Name processes: B!$H$1:$V$1
Name Qmat: Q!$B$2:$K$210
Name Reference_flows: A!$C$3:$C$5
Name RF: 'energy imbalance'!$C$2:$D$106

Sheet costs
C1: {=processes} -> PEM electrolysis | D1: geothermal | E1: Natural gas | F1: hydro portugal | G1: wind germany | H1: oil, mk | I1: hydro in-ap | J1: hydro LT | K1: coal world | L1: coal ZA | M1: nuclear BWR GB | N1: lignite SSA | O1: hydro CO | P1: coal EUR | Q1: water RoW
B2: $ / kgH2 | C2: 3 | D2: 0.1 | E2: 0.2 | Q2: =0.01 -> 0.01

Sheet Requirement
C1: {=processes} -> PEM electrolysis | D1: geothermal | E1: Natural gas | F1: hydro portugal | G1: wind germany | H1: oil, mk | I1: hydro in-ap | J1: hydro LT | K1: coal world | L1: coal ZA | M1: nuclear BWR GB | N1: lignite SSA | O1: hydro CO | P1: coal EUR | Q1: water RoW
B2: $ / kgH2 | C2: 3 | D2: 0.1 | E2: 0.2 | Q2: =0.01 -> 0.01

Sheet f
B2: {=Reference_flows} -> hydrogen | C2: 1 | D2: MtH2
B3: electricity | C3: 0
B4: water | C4: 0

Sheet c
C1: Maximum per kgH2
B2: {=TRANSPOSE(processes)} -> PEM electrolysis | C2: 1
B3: geothermal | C3: 3
B4: Natural gas | C4: 8
B5: hydro portugal | C5: 15
B6: wind germany | C6: 15
B7: oil, mk | C7: 15
B8: hydro in-ap | C8: 15
B9: hydro LT | C9: 15
B10: coal world | C10: 15
B11: coal ZA | C11: 15
B12: nuclear BWR GB | C12: 15
B13: lignite SSA | C13: 15
B14: hydro CO | C14: 15
... B16: water RoW | C16: 10

Sheet A
D2: {=processes} -> PEM electrolysis | E2: geothermal | F2: Natural gas | G2: hydro portugal | H2: wind germany | I2: oil, mk | J2: hydro in-ap | K2: hydro LT | L2: coal world | M2: coal ZA | N2: nuclear BWR GB | O2: lignite SSA | P2: hydro CO | Q2: coal EUR | R2: water RoW
C3: hydrogen | D3: 1 | E3: 0 | F3: 0 | G3: 0 | H3: 0 | I3: 0 | J3: 0 | K3: 0 | L3: 0 | M3: 0 | N3: 0 | O3: 0 | P3: 0 | Q3: 0 | R3: 0
C4: electricity | D4: -55 | E4: 1 | F4: 1 | G4: 1 | H4: 1 | I4: 1 | J4: 1 | K4: 1 | L4: 1 | M4: 1 | N4: 1 | O4: 1 | P4: 1 | Q4: 1 | R4: 0
C5: water | D5: -9 | E5: 0 | F5: 0 | G5: 0 | H5: 0 | I5: 0 | J5: 0 | K5: 0 | L5: 0 | M5: 0 | N5: 0 | O5: 0 | P5: 0 | Q5: 0 | R5: 1

Sheet process intensity
B1: {=processes} -> PEM electrolysis | C1: geothermal | D1: Natural gas | E1: hydro portugal | F1: wind germany | G1: oil, mk | H1: hydro in-ap | I1: hydro LT | J1: coal world | K1: coal ZA | L1: nuclear BWR GB | M1: lignite SSA | N1: hydro CO | O1: coal EUR | P1: water RoW
A2: {=TRANSPOSE(Categories)} -> Energy imbalance | B2: {=MMULT(TRANSPOSE(Qmat),Bmat)} -> 4.8641808e-12 | C2: 1.2958319e-14 | D2: 2.1619013e-13 | E2: 1.3464704e-15 | F2: 5.9216987e-15 | G2: 3.5194392e-13 | H2: 3.7821658e-13 | I2: 1.3464704e-15 | J2: 6.8248706e-14 | K2: 3.5985468e-13 | L2: 2.4056588e-15 | M2: 5.4642582e-14 | N2: 4.283536e-15 | O2: 2.7341626e-13 | P2: 1.3991827e-16
A3: CO2_concentration | B3: 3.5168131e-10 | C3: 9.6439915e-13 | D3: 1.6411969e-11 | E3: 1.0159996e-13 | F3: 4.4424557e-13 | G3: 2.6399661e-11 | H3: 2.9270791e-11 | I3: 1.0159996e-13 | J3: 4.9076525e-12 | K3: 2.736109e-11 | L3: 1.7956281e-13 | M3: 4.0757518e-12 | N3: 1.0245319e-12 | O3: 2.0636084e-11 | P3: 1.0393763e-14
A4: Ocean acidification | B4: 1.0746496e-12 | C4: 2.9469231e-15 | D4: 5.0150962e-14 | E4: 3.1045942e-16 | F4: 1.3574706e-15 | G4: 8.0670626e-14 | H4: 8.9444147e-14 | I4: 3.1045942e-16 | J4: 1.4996128e-14 | K4: 8.3608901e-14 | L4: 5.4869315e-16 | M4: 1.2454424e-14 | N4: 3.130548e-15 | O4: 6.3058695e-14 | P4: 3.1760451e-17
A5: atmospheric aerosol loading | B5: 2.0000114e-14 | C5: 1.8895829e-16 | D5: 1.3986507e-16 | E5: 5.3421476e-17 | F5: 1.5259928e-16 | G5: 3.1505065e-15 | H5: 2.3671422e-15 | I5: 5.3421476e-17 | J5: 4.9363677e-16 | K5: 1.5277627e-15 | L5: 1.7401338e-16 | M5: 5.3747811e-16 | N5: 5.0750634e-17 | O5: 2.9533336e-16 | P5: 1.4100759e-18
A6: Freshwater use | B6: 1.996768e-10 | C6: 1.0656136e-12 | D6: 1.0801997e-12 | E6: 4.0761309e-14 | F6: 1.7979642e-13 | G6: 1.5582357e-12 | H6: 7.8344017e-12 | I6: 4.0761309e-14 | J6: 4.4771911e-12 | K6: 1.3051275e-12 | L6: 2.9986492e-12 | M6: 3.2345036e-11 | N6: 4.0123421e-12 | O6: 3.4299726e-13 | P6: 9.6507944e-13
A7: Biochemical flow Phosphorus | B7: 3.122262e-14 | C7: 8.7488189e-17 | D7: 1.6729899e-16 | E7: 1.0519725e-17 | F7: 9.6487036e-17 | G7: 4.1377977e-16 | H7: 2.4322209e-16 | I7: 1.0519725e-17 | J7: 2.1778575e-16 | K7: 1.219374e-16 | L7: 2.0244044e-17 | M7: 9.9629115e-17 | N7: 9.764748e-18 | O7: 9.268616e-17 | P7: 2.4967061e-18
A8: Biochemical flow Nitrogen | B8: 2.412497e-11 | C8: 8.9985498e-14 | D8: 3.9682755e-13 | E8: 1.2063768e-14 | F8: 8.7736425e-14 | G8: 2.5714256e-12 | H8: 3.3746797e-12 | I8: 1.2063768e-14 | J8: 1.3131713e-12 | K8: 1.5999657e-12 | L8: 1.6733562e-13 | M8: 2.3095463e-12 | N8: 1.3931552e-14 | O8: 7.893576e-13 | P8: 1.2422707e-15
A9: Ozone depletion | B9: 5.3272393e-14 | C9: 6.4161745e-17 | D9: 1.0452813e-15 | E9: 8.1880067e-18 | F9: 6.1936313e-17 | G9: 6.8028411e-15 | H9: 2.3686995e-15 | I9: 8.1880067e-18 | J9: 5.0079032e-15 | K9: 1.8926386e-15 | L9: 4.227391e-17 | M9: 2.974548e-15 | N9: 2.0793548e-17 | O9: 4.4205216e-15 | P9: 3.1433593e-18
A10: land system change | B10: 4.2633718e-16 | C10: 4.0783798e-19 | D10: 3.7006228e-17 | E10: -5.6741641e-19 | F10: -7.5742593e-19 | G10: 1.5037159e-16 | H10: 5.2317438e-19 | I10: -5.6741641e-19 | J10: 7.7753763e-18 | K10: -7.3068304e-18 | L10: 1.542669e-19 | M10: 1.3089506e-18 | N10: 1.0372706e-14 | O10: 5.6742468e-18 | P10: 3.6021982e-20
A11: biosphere integrity | B11: 2.3374137e-12 | C11: 8.364441e-15 | D11: 1.3087421e-13 | E11: 4.3239453e-15 | F11: 5.2087184e-15 | G11: 2.2840388e-13 | H11: 2.6191738e-13 | I11: 4.3239453e-15 | J11: 7.642377e-14 | K11: 2.2265789e-13 | L11: 1.7856375e-15 | M11: 3.7002959e-14 | N11: 7.8420284e-13 | O11: 1.8036659e-13 | P11: 9.9371197e-17

Sheet B
B1: name | C1: categories | E1: type | F1: unit | G1: database | H1: PEM electrolysis | I1: geothermal | J1: Natural gas | K1: hydro portugal | L1: wind germany | M1: oil, mk | N1: hydro in-ap | O1: hydro LT | P1: coal world | Q1: coal ZA | R1: nuclear BWR GB | S1: lignite SSA | T1: hydro CO | U1: coal EUR | V1: water RoW
A2: 0 | B2: Acephate | C2: ('soil', 'agricultural') | D2: =B2&""&C2 -> Acephate('soil', 'agricultural') | E2: emission | F2: kilogram | G2: biosphere3 | H2: 1.6726488e-09 | I2: 4.6094609e-12 | J2: 4.1279796e-11 | K2: 6.8681301e-13 | L2: 3.4728676e-12 | M2: 8.7026462e-11 | N2: 5.4064824e-11 | O2: 6.8681301e-13 | P2: 1.7250402e-10 | Q2: 2.3698673e-11 | R2: 1.7976497e-12 | S2: 1.2702563e-11 | T2: 9.3034003e-13 | U2: 1.1979142e-10 | V2: 8.072046e-14
A3: 1 | B3: Azinphos-methyl | C3: ('soil', 'agricultural') | D3: =B3&""&C3 -> Azinphos-methyl('soil', 'agricultural') | E3: emission | F3: kilogram | G3: biosphere3 | H3: 2.3809375e-10 | I3: 1.5139539e-13 | J3: 8.9284313e-14 | K3: 6.8483944e-14 | L3: 2.3381327e-13 | M3: 2.0355704e-12 | N3: 6.4325094e-12 | O3: 6.8483944e-14 | P3: 3.0196601e-12 | Q3: 6.5525877e-12 | R3: 3.2016685e-13 | S3: 1.2659761e-13 | T3: 2.4596667e-13 | U3: 3.566343e-12 | V3: 4.6969659e-15
A4: 2 | B4: Carbon dioxide, fossil | C4: ('air', 'urban air close to ground') | D4: =B4&""&C4 -> Carbon dioxide, fossil('air', 'urban air close to ground') | E4: emission | F4: kilogram | G4: biosphere3 | H4: 0.59332026 | I4: 0.0015906513 | J4: 0.0041447731 | K4: 0.00020242151 | L4: 0.0033685042 | M4: 0.8670467 | N4: 0.0092047751 | O4: 0.00020242151 | P4: 0.0078380187 | Q4: 0.0020084966 | R4: 0.00079195413 | S4: 0.0035031729 | T4: 0.00032876458 | U4: 0.0036918025 | V4: 4.9528244e-05
A5: 3 | B5: Carbon dioxide, non-fossil | C5: ('air', 'urban air close to ground') | D5: =B5&""&C5 -> Carbon dioxide, non-fossil('air', 'urban air close to ground') | E5: emission | F5: kilogram | G5: biosphere3 | H5: 2.8596718 | I5: 0.0006384078 | J5: 0.000533106 | K5: 8.0531524e-05 | L5: 0.0003357662 | M5: 0.0013303421 | N5: 0.0026706286 | O5: 8.0531524e-05 | P5: 0.0018413491 | Q5: 0.00042084194 | R5: 0.00028162488 | S5: 0.00049684852 | T5: 9.0369001e-05 | U5: 0.0023042818 | V5: 9.01705e-06
A6: 4 | B6: Carbon monoxide, fossil | C6: ('air', 'urban air close to ground') | D6: =B6&""&C6 -> Carbon monoxide, fossil('air', 'urban air close to ground') | E6: emission | F6: kilogram | G6: biosphere3 | H6: 0.00056160562 | I6: 2.8308656e-06 | J6: 3.7547019e-06 | K6: 8.2150653e-07 | L6: 6.4729499e-06 | M6: 0.00011567845 | N6: 1.220357e-05 | O6: 8.2150653e-07 | P6: 9.0005718e-06 | Q6: 8.3076234e-06 | R6: 1.1437155e-06 | S6: 3.9041993e-06 | T6: 1.2134884e-06 | U6: 4.6243096e-06 | V6: 1.0986973e-07
A7: 5 | B7: Carbon monoxide, non-fossil | C7: ('air', 'urban air close to ground') | D7: =B7&""&C7 -> Carbon monoxide, non-fossil('air', 'urban air close to ground') | E7: emission | F7: kilogram | G7: biosphere3 | H7: 0.0030498641 | I7: 1.1166731e-06 | J7: 7.2967906e-07 | K7: 1.5718979e-07 | L7: 1.1117926e-06 | M7: 2.2703529e-06 | N7: 6.3392183e-06 | O7: 1.5718979e-07 | P7: 6.3036718e-06 | Q7: 1.0461638e-06 | R7: 6.9960346e-07 | S7: 1.2586458e-06 | T7: 2.2252337e-07 | U7: 3.0528262e-06 | V7: 2.1237852e-08
A8: 6 | B8: Chloroform | C8: ('air', 'urban air close to ground') | D8: =B8&""&C8 -> Chloroform('air', 'urban air close to ground') | E8: emission | F8: kilogram | G8: biosphere3 | H8: 7.0523616e-07 | I8: 4.3905066e-11 | J8: 1.5860266e-10 | K8: 2.9245652e-12 | L8: 7.1476134e-11 | M8: 3.1215467e-10 | N8: 1.6047661e-09 | O8: 2.9245652e-12 | P8: 1.5676295e-10 | Q8: 9.956534e-11 | R8: 2.5013538e-09 | S8: 1.2536089e-10 | T8: 4.2259912e-12 | U8: 4.330197e-11 | V8: 1.9672356e-09
A9: 7 | B9: Diazinon | C9: ('soil', 'agricultural') | D9: =B9&""&C9 -> Diazinon('soil', 'agricultural') | E9: emission | F9: kilogram | G9: biosphere3 | H9: 9.026436e-10 | I9: 5.7395914e-13 | J9: 3.3848816e-13 | K9: 2.5963132e-13 | L9: 8.8641576e-13 | M9: 7.7171055e-12 | N9: 2.4386459e-11 | O9: 2.5963132e-13 | P9: 1.1447914e-11 | Q9: 2.4841691e-11 | R9: 1.2137932e-12 | S9: 4.7994761e-13 | T9: 9.3249085e-13 | U9: 1.3520459e-11 | V9: 1.7806794e-14
A10: 8 | B10: Dimethoate | C10: ('soil', 'agricultural') | D10: =B10&""&C10 -> Dimethoate('soil', 'agricultural') | E10: emission | F10: kilogram | G10: biosphere3 | H10: 6.416549e-10 | I10: 4.738923e-13 | J10: 3.927655e-13 | K10: 2.0667821e-13 | L10: 7.0199212e-13 | M10: 5.98699e-12 | N10: 1.7152076e-11 | O10: 2.0667821e-13 | P10: 8.2609099e-12 | Q10: 1.7242427e-11 | R10: 8.7239059e-13 | S10: 5.2771e-13 | T10: 6.6796218e-13 | U10: 1.0207036e-11 | V10: 1.6246629e-14
A11: 9 | B11: Ethane, 1,1,1,2-tetrafluoro-, HFC-134a | C11: ('air', 'urban air close to ground') | D11: =B11&""&C11 -> Ethane, 1,1,1,2-tetrafluoro-, HFC-134a('air', 'urban air close to ground') | E11: emission | F11: kilogram | G11: biosphere3 | H11: 3.1399238e-08 | I11: 1.7131278e-11 | J11: 4.9722044e-12 | K11: 7.2123357e-13 | L11: 3.5128203e-12 | M11: 1.3163226e-11 | N11: 7.4827005e-10 | O11: 7.2123357e-13 | P11: 1.2442707e-11 | Q11: 4.5209357e-12 | R11: 2.1758047e-12 | S11: 1.0654072e-11 | T11: 1.4244452e-12 | U11: 9.7953952e-12 | V11: 2.1443306e-13
A12: 10 | B12: Ethane, 1,1-difluoro-, HFC-152a | C12: ('air', 'urban air close to ground') | D12: =B12&""&C12 -> Ethane, 1,1-difluoro-, HFC-152a('air', 'urban air close to ground') | E12: emission | F12: kilogram | G12: biosphere3 | H12: 4.4428654e-06 | I12: 2.9043043e-09 | J12: 2.5234784e-09 | K12: 1.394201e-10 | L12: 7.814916e-10 | M12: 4.7355643e-09 | N12: 1.2640262e-07 | O12: 1.394201e-10 | P12: 2.4153312e-09 | Q12: 1.2826095e-09 | R12: 2.210421e-09 | S12: 1.8225279e-09 | T12: 2.0161794e-10 | U12: 9.3452531e-08 | V12: 3.830103e-11
A13: 11 | B13: Ethane, hexafluoro-, HFC-116 | C13: ('air', 'urban air close to ground') | D13: =B13&""&C13 -> Ethane, hexafluoro-, HFC-116('air', 'urban air close to ground') | E13: emission | F13: kilogram | G13: biosphere3 | H13: 4.7569367e-08 | I13: 4.1144043e-11 | J13: 1.9398127e-11 | K13: 1.6741374e-12 | L13: 2.1245756e-10 | M13: 4.6109608e-11 | N13: 1.2255462e-09 | O13: 1.6741374e-12 | P13: 7.8128548e-11 | Q13: 3.0309027e-11 | R13: 7.0805263e-12 | S13: 2.9944812e-11 | T13: 2.7268727e-12 | U13: 4.8101261e-11 | V13: 2.5643338e-12
... A210: 208 | B210: Particulate Matter, > 2.5 um and < 10um | C210: ('air',) | D210: =B210&""&C210 -> Particulate Matter, > 2.5 um and < 10um('air',) | E210: emission | F210: kilogram | G210: biosphere3 | H210: 0.00017740253 | I210: 1.3380732e-06 | J210: 7.0405613e-07 | K210: 3.0263745e-07 | L210: 4.2706859e-06 | M210: 4.8429791e-06 | N210: 1.0751009e-05 | O210: 3.0263745e-07 | P210: 5.6888233e-06 | Q210: 9.5348654e-06 | R210: 2.2949581e-07 | S210: 1.573285e-06 | T210: 4.5671158e-07 | U210: 5.2842414e-06 | V210: 2.2877949e-08

Sheet Q
B1: Energy imbalance | C1: CO2_concentration | D1: Ocean acidification | E1: atmospheric aerosol loading | F1: Freshwater use | G1: Biochemical flow Phosphorus | H1: Biochemical flow Nitrogen | I1: Ozone depletion | J1: land system change | K1: biosphere integrity
A2: =B!D2 -> Acephate('soil', 'agricultural') | B2: =_xlfn.IFNA(VLOOKUP(A2,RF,2,FALSE),0) -> 0 | C2: =_xlfn.IFNA(VLOOKUP(A2,CO2c,2,FALSE),0) -> 0 | D2: =_xlfn.IFNA(VLOOKUP(A2,OA,2,FALSE),0) -> 0 | E2: =_xlfn.IFNA(VLOOKUP(A2,AAL,2,FALSE),0) -> 0 | F2: =_xlfn.IFNA(VLOOKUP(A2,FWU,2,FALSE),0) -> 0 | G2: =_xlfn.IFNA(VLOOKUP(A2,BCF_P,2,FALSE),0) -> 6.11093e-11 | H2: =_xlfn.IFNA(VLOOKUP(A2,BCF_N,2,FALSE),0) -> 0 | I2: =_xlfn.IFNA(VLOOKUP(A2,OD,2,FALSE),0) -> 0 | J2: =_xlfn.IFNA(VLOOKUP(A2,LSC,2,FALSE),0) -> 0 | K2: =_xlfn.IFNA(VLOOKUP(A2,BI,2,FALSE),0) -> 0
A3: =B!D3 -> Azinphos-methyl('soil', 'agricultural') | B3: =_xlfn.IFNA(VLOOKUP(A3,RF,2,FALSE),0) -> 0 | C3: =_xlfn.IFNA(VLOOKUP(A3,CO2c,2,FALSE),0) -> 0 | D3: =_xlfn.IFNA(VLOOKUP(A3,OA,2,FALSE),0) -> 0 | E3: =_xlfn.IFNA(VLOOKUP(B!D3,AAL,2,FALSE),0) -> 0 | F3: =_xlfn.IFNA(VLOOKUP(A3,FWU,2,FALSE),0) -> 0 | G3: =_xlfn.IFNA(VLOOKUP(A3,BCF_P,2,FALSE),0) -> 3.52801e-11 | H3: =_xlfn.IFNA(VLOOKUP(A3,BCF_N,2,FALSE),0) -> 0 | I3: =_xlfn.IFNA(VLOOKUP(A3,OD,2,FALSE),0) -> 0 | J3: =_xlfn.IFNA(VLOOKUP(A3,LSC,2,FALSE),0) -> 0 | K3: =_xlfn.IFNA(VLOOKUP(A3,BI,2,FALSE),0) -> 0
A4: =B!D4 -> Carbon dioxide, fossil('air', 'urban air close to ground') | B4: =_xlfn.IFNA(VLOOKUP(A4,RF,2,FALSE),0) -> 3.53e-13 | C4: =_xlfn.IFNA(VLOOKUP(A4,CO2c,2,FALSE),0) -> 2.69e-11 | D4: =_xlfn.IFNA(VLOOKUP(A4,OA,2,FALSE),0) -> 8.22e-14 | E4: =_xlfn.IFNA(VLOOKUP(B!D4,AAL,2,FALSE),0) -> 0 | F4: =_xlfn.IFNA(VLOOKUP(A4,FWU,2,FALSE),0) -> 0 | G4: =_xlfn.IFNA(VLOOKUP(A4,BCF_P,2,FALSE),0) -> 0 | H4: =_xlfn.IFNA(VLOOKUP(A4,BCF_N,2,FALSE),0) -> 0 | I4: =_xlfn.IFNA(VLOOKUP(A4,OD,2,FALSE),0) -> 0 | J4: =_xlfn.IFNA(VLOOKUP(A4,LSC,2,FALSE),0) -> 0 | K4: =_xlfn.IFNA(VLOOKUP(A4,BI,2,FALSE),0) -> 2.0769231e-13
A5: =B!D5 -> Carbon dioxide, non-fossil('air', 'urban air close to ground') | B5: =_xlfn.IFNA(VLOOKUP(A5,RF,2,FALSE),0) -> 3.53e-13 | C5: =_xlfn.IFNA(VLOOKUP(A5,CO2c,2,FALSE),0) -> 2.69e-11 | D5: =_xlfn.IFNA(VLOOKUP(A5,OA,2,FALSE),0) -> 8.22e-14 | E5: =_xlfn.IFNA(VLOOKUP(B!D5,AAL,2,FALSE),0) -> 0 | F5: =_xlfn.IFNA(VLOOKUP(A5,FWU,2,FALSE),0) -> 0 | G5: =_xlfn.IFNA(VLOOKUP(A5,BCF_P,2,FALSE),0) -> 0 | H5: =_xlfn.IFNA(VLOOKUP(A5,BCF_N,2,FALSE),0) -> 0 | I5: =_xlfn.IFNA(VLOOKUP(A5,OD,2,FALSE),0) -> 0 | J5: =_xlfn.IFNA(VLOOKUP(A5,LSC,2,FALSE),0) -> 0 | K5: =_xlfn.IFNA(VLOOKUP(A5,BI,2,FALSE),0) -> 0
A6: =B!D6 -> Carbon monoxide, fossil('air', 'urban air close to ground') | B6: =_xlfn.IFNA(VLOOKUP(A6,RF,2,FALSE),0) -> 2.74e-13 | C6: =_xlfn.IFNA(VLOOKUP(A6,CO2c,2,FALSE),0) -> 4.23e-11 | D6: =_xlfn.IFNA(VLOOKUP(A6,OA,2,FALSE),0) -> 1.29e-13 | E6: =_xlfn.IFNA(VLOOKUP(B!D6,AAL,2,FALSE),0) -> 0 | F6: =_xlfn.IFNA(VLOOKUP(A6,FWU,2,FALSE),0) -> 0 | G6: =_xlfn.IFNA(VLOOKUP(A6,BCF_P,2,FALSE),0) -> 0 | H6: =_xlfn.IFNA(VLOOKUP(A6,BCF_N,2,FALSE),0) -> 0 | I6: =_xlfn.IFNA(VLOOKUP(A6,OD,2,FALSE),0) -> 0 | J6: =_xlfn.IFNA(VLOOKUP(A6,LSC,2,FALSE),0) -> 0 | K6: =_xlfn.IFNA(VLOOKUP(A6,BI,2,FALSE),0) -> 0
A7: =B!D7 -> Carbon monoxide, non-fossil('air', 'urban air close to ground') | B7: =_xlfn.IFNA(VLOOKUP(A7,RF,2,FALSE),0) -> 2.74e-13 | C7: =_xlfn.IFNA(VLOOKUP(A7,CO2c,2,FALSE),0) -> 4.23e-11 | D7: =_xlfn.IFNA(VLOOKUP(A7,OA,2,FALSE),0) -> 1.29e-13 | E7: =_xlfn.IFNA(VLOOKUP(B!D7,AAL,2,FALSE),0) -> 0 | F7: =_xlfn.IFNA(VLOOKUP(A7,FWU,2,FALSE),0) -> 0 | G7: =_xlfn.IFNA(VLOOKUP(A7,BCF_P,2,FALSE),0) -> 0 | H7: =_xlfn.IFNA(VLOOKUP(A7,BCF_N,2,FALSE),0) -> 0 | I7: =_xlfn.IFNA(VLOOKUP(A7,OD,2,FALSE),0) -> 0 | J7: =_xlfn.IFNA(VLOOKUP(A7,LSC,2,FALSE),0) -> 0 | K7: =_xlfn.IFNA(VLOOKUP(A7,BI,2,FALSE),0) -> 0
A8: =B!D8 -> Chloroform('air', 'urban air close to ground') | B8: =_xlfn.IFNA(VLOOKUP(A8,RF,2,FALSE),0) -> 0 | C8: =_xlfn.IFNA(VLOOKUP(A8,CO2c,2,FALSE),0) -> 0 | D8: =_xlfn.IFNA(VLOOKUP(A8,OA,2,FALSE),0) -> 0 | E8: =_xlfn.IFNA(VLOOKUP(B!D8,AAL,2,FALSE),0) -> 0 | F8: =_xlfn.IFNA(VLOOKUP(A8,FWU,2,FALSE),0) -> 0 | G8: =_xlfn.IFNA(VLOOKUP(A8,BCF_P,2,FALSE),0) -> 0 | H8: =_xlfn.IFNA(VLOOKUP(A8,BCF_N,2,FALSE),0) -> 0 | I8: =_xlfn.IFNA(VLOOKUP(A8,OD,2,FALSE),0) -> 0 | J8: =_xlfn.IFNA(VLOOKUP(A8,LSC,2,FALSE),0) -> 0 | K8: =_xlfn.IFNA(VLOOKUP(A8,BI,2,FALSE),0) -> 4.1538462e-12
A9: =B!D9 -> Diazinon('soil', 'agricultural') | B9: =_xlfn.IFNA(VLOOKUP(A9,RF,2,FALSE),0) -> 0 | C9: =_xlfn.IFNA(VLOOKUP(A9,CO2c,2,FALSE),0) -> 0 | D9: =_xlfn.IFNA(VLOOKUP(A9,OA,2,FALSE),0) -> 0 | E9: =_xlfn.IFNA(VLOOKUP(B!D9,AAL,2,FALSE),0) -> 0 | F9: =_xlfn.IFNA(VLOOKUP(A9,FWU,2,FALSE),0) -> 0 | G9: =_xlfn.IFNA(VLOOKUP(A9,BCF_P,2,FALSE),0) -> 3.6784e-11 | H9: =_xlfn.IFNA(VLOOKUP(A9,BCF_N,2,FALSE),0) -> 0 | I9: =_xlfn.IFNA(VLOOKUP(A9,OD,2,FALSE),0) -> 0 | J9: =_xlfn.IFNA(VLOOKUP(A9,LSC,2,FALSE),0) -> 0 | K9: =_xlfn.IFNA(VLOOKUP(A9,BI,2,FALSE),0) -> 0
A10: =B!D10 -> Dimethoate('soil', 'agricultural') | B10: =_xlfn.IFNA(VLOOKUP(A10,RF,2,FALSE),0) -> 0 | C10: =_xlfn.IFNA(VLOOKUP(A10,CO2c,2,FALSE),0) -> 0 | D10: =_xlfn.IFNA(VLOOKUP(A10,OA,2,FALSE),0) -> 0 | E10: =_xlfn.IFNA(VLOOKUP(B!D10,AAL,2,FALSE),0) -> 0 | F10: =_xlfn.IFNA(VLOOKUP(A10,FWU,2,FALSE),0) -> 0 | G10: =_xlfn.IFNA(VLOOKUP(A10,BCF_P,2,FALSE),0) -> 4.8832e-11 | H10: =_xlfn.IFNA(VLOOKUP(A10,BCF_N,2,FALSE),0) -> 0 | I10: =_xlfn.IFNA(VLOOKUP(A10,OD,2,FALSE),0) -> 0 | J10: =_xlfn.IFNA(VLOOKUP(A10,LSC,2,FALSE),0) -> 0 | K10: =_xlfn.IFNA(VLOOKUP(A10,BI,2,FALSE),0) -> 0
A11: =B!D11 -> Ethane, 1,1,1,2-tetrafluoro-, HFC-134a('air', 'urban air close to ground') | B11: =_xlfn.IFNA(VLOOKUP(A11,RF,2,FALSE),0) -> 0 | C11: =_xlfn.IFNA(VLOOKUP(A11,CO2c,2,FALSE),0) -> 0 | D11: =_xlfn.IFNA(VLOOKUP(A11,OA,2,FALSE),0) -> 0 | E11: =_xlfn.IFNA(VLOOKUP(B!D11,AAL,2,FALSE),0) -> 0 | F11: =_xlfn.IFNA(VLOOKUP(A11,FWU,2,FALSE),0) -> 0 | G11: =_xlfn.IFNA(VLOOKUP(A11,BCF_P,2,FALSE),0) -> 0 | H11: =_xlfn.IFNA(VLOOKUP(A11,BCF_N,2,FALSE),0) -> 0 | I11: =_xlfn.IFNA(VLOOKUP(A11,OD,2,FALSE),0) -> 0 | J11: =_xlfn.IFNA(VLOOKUP(A11,LSC,2,FALSE),0) -> 0 | K11: =_xlfn.IFNA(VLOOKUP(A11,BI,2,FALSE),0) -> 3.2171538e-10
A12: =B!D12 -> Ethane, 1,1-difluoro-, HFC-152a('air', 'urban air close to ground') | B12: =_xlfn.IFNA(VLOOKUP(A12,RF,2,FALSE),0) -> 0 | C12: =_xlfn.IFNA(VLOOKUP(A12,CO2c,2,FALSE),0) -> 0 | D12: =_xlfn.IFNA(VLOOKUP(A12,OA,2,FALSE),0) -> 0 | E12: =_xlfn.IFNA(VLOOKUP(B!D12,AAL,2,FALSE),0) -> 0 | F12: =_xlfn.IFNA(VLOOKUP(A12,FWU,2,FALSE),0) -> 0 | G12: =_xlfn.IFNA(VLOOKUP(A12,BCF_P,2,FALSE),0) -> 0 | H12: =_xlfn.IFNA(VLOOKUP(A12,BCF_N,2,FALSE),0) -> 0 | I12: =_xlfn.IFNA(VLOOKUP(A12,OD,2,FALSE),0) -> 0 | J12: =_xlfn.IFNA(VLOOKUP(A12,LSC,2,FALSE),0) -> 0 | K12: =_xlfn.IFNA(VLOOKUP(A12,BI,2,FALSE),0) -> 3.4684615e-11
A13: =B!D13 -> Ethane, hexafluoro-, HFC-116('air', 'urban air close to ground') | B13: =_xlfn.IFNA(VLOOKUP(A13,RF,2,FALSE),0) -> 0 | C13: =_xlfn.IFNA(VLOOKUP(A13,CO2c,2,FALSE),0) -> 0 | D13: =_xlfn.IFNA(VLOOKUP(A13,OA,2,FALSE),0) -> 0 | E13: =_xlfn.IFNA(VLOOKUP(B!D13,AAL,2,FALSE),0) -> 0 | F13: =_xlfn.IFNA(VLOOKUP(A13,FWU,2,FALSE),0) -> 0 | G13: =_xlfn.IFNA(VLOOKUP(A13,BCF_P,2,FALSE),0) -> 0 | H13: =_xlfn.IFNA(VLOOKUP(A13,BCF_N,2,FALSE),0) -> 0 | I13: =_xlfn.IFNA(VLOOKUP(A13,OD,2,FALSE),0) -> 0 | J13: =_xlfn.IFNA(VLOOKUP(A13,LSC,2,FALSE),0) -> 0 | K13: =_xlfn.IFNA(VLOOKUP(A13,BI,2,FALSE),0) -> 2.5629231e-09
A14: =B!D14 -> Ethephon('soil', 'agricultural') | B14: =_xlfn.IFNA(VLOOKUP(A14,RF,2,FALSE),0) -> 0 | C14: =_xlfn.IFNA(VLOOKUP(A14,CO2c,2,FALSE),0) -> 0 | D14: =_xlfn.IFNA(VLOOKUP(A14,OA,2,FALSE),0) -> 0 | E14: =_xlfn.IFNA(VLOOKUP(B!D14,AAL,2,FALSE),0) -> 0 | F14: =_xlfn.IFNA(VLOOKUP(A14,FWU,2,FALSE),0) -> 0 | G14: =_xlfn.IFNA(VLOOKUP(A14,BCF_P,2,FALSE),0) -> 7.74756e-11 | H14: =_xlfn.IFNA(VLOOKUP(A14,BCF_N,2,FALSE),0) -> 0 | I14: =_xlfn.IFNA(VLOOKUP(A14,OD,2,FALSE),0) -> 0 | J14: =_xlfn.IFNA(VLOOKUP(A14,LSC,2,FALSE),0) -> 0 | K14: =_xlfn.IFNA(VLOOKUP(A14,BI,2,FALSE),0) -> 0
... A210: =B!D210 -> Particulate Matter, > 2.5 um and < 10um('air',) | B210: =_xlfn.IFNA(VLOOKUP(A210,RF,2,FALSE),0) -> 0 | C210: =_xlfn.IFNA(VLOOKUP(A210,CO2c,2,FALSE),0) -> 0 | D210: =_xlfn.IFNA(VLOOKUP(A210,OA,2,FALSE),0) -> 0 | E210: =_xlfn.IFNA(VLOOKUP(B!D210,AAL,2,FALSE),0) -> 5.2e-13 | F210: =_xlfn.IFNA(VLOOKUP(A210,FWU,2,FALSE),0) -> 0 | G210: =_xlfn.IFNA(VLOOKUP(A210,BCF_P,2,FALSE),0) -> 0 | H210: =_xlfn.IFNA(VLOOKUP(A210,BCF_N,2,FALSE),0) -> 0 | I210: =_xlfn.IFNA(VLOOKUP(A210,OD,2,FALSE),0) -> 0 | J210: =_xlfn.IFNA(VLOOKUP(A210,LSC,2,FALSE),0) -> 0 | K210: =_xlfn.IFNA(VLOOKUP(A210,BI,2,FALSE),0) -> 0

Sheet energy imbalance
A2: Carbon dioxide, fossil | B2: ('air',) | C2: =A2&""&B2 -> Carbon dioxide, fossil('air',) | D2: 3.53e-13 | E2: kilogram
A3: Carbon dioxide, fossil | B3: ('air', 'low population density, long-term') | C3: =A3&""&B3 -> Carbon dioxide, fossil('air', 'low population density, long-term') | D3: 3.53e-13 | E3: kilogram
A4: Carbon dioxide, fossil | B4: ('air', 'lower stratosphere + upper troposphere') | C4: =A4&""&B4 -> Carbon dioxide, fossil('air', 'lower stratosphere + upper troposphere') | D4: 3.53e-13 | E4: kilogram
A5: Carbon dioxide, fossil | B5: ('air', 'non-urban air or from high stacks') | C5: =A5&""&B5 -> Carbon dioxide, fossil('air', 'non-urban air or from high stacks') | D5: 3.53e-13 | E5: kilogram
A6: Carbon dioxide, fossil | B6: ('air', 'urban air close to ground') | C6: =A6&""&B6 -> Carbon dioxide, fossil('air', 'urban air close to ground') | D6: 3.53e-13 | E6: kilogram
A7: Carbon dioxide, from soil or biomass stock | B7: ('air',) | C7: =A7&""&B7 -> Carbon dioxide, from soil or biomass stock('air',) | D7: 1.18e-15 | E7: kilogram
A8: Carbon dioxide, from soil or biomass stock | B8: ('air', 'low population density, long-term') | C8: =A8&""&B8 -> Carbon dioxide, from soil or biomass stock('air', 'low population density, long-term') | D8: 1.18e-15 | E8: kilogram
A9: Carbon dioxide, from soil or biomass stock | B9: ('air', 'lower stratosphere + upper troposphere') | C9: =A9&""&B9 -> Carbon dioxide, from soil or biomass stock('air', 'lower stratosphere + upper troposphere') | D9: 1.18e-15 | E9: kilogram
A10: Carbon dioxide, from soil or biomass stock | B10: ('air', 'non-urban air or from high stacks') | C10: =A10&""&B10 -> Carbon dioxide, from soil or biomass stock('air', 'non-urban air or from high stacks') | D10: 1.18e-15 | E10: kilogram
A11: Carbon dioxide, from soil or biomass stock | B11: ('air', 'urban air close to ground') | C11: =A11&""&B11 -> Carbon dioxide, from soil or biomass stock('air', 'urban air close to ground') | D11: 1.18e-15 | E11: kilogram
A12: Carbon dioxide, non-fossil | B12: ('air',) | C12: =A12&""&B12 -> Carbon dioxide, non-fossil('air',) | D12: 3.53e-13 | E12: kilogram
A13: Carbon dioxide, non-fossil | B13: ('air', 'low population density, long-term') | C13: =A13&""&B13 -> Carbon dioxide, non-fossil('air', 'low population density, long-term') | D13: 3.53e-13 | E13: kilogram
... A106: Sulfur hexafluoride | B106: ('air', 'urban air close to ground') | C106: =A106&""&B106 -> Sulfur hexafluoride('air', 'urban air close to ground') | D106: 6.71e-08 | E106: kilogram

Sheet CO2 concentration
A2: Carbon dioxide, fossil | B2: ('air',) | C2: =A2&""&B2 -> Carbon dioxide, fossil('air',) | D2: 2.69e-11 | E2: kilogram | F2: 0
A3: Carbon dioxide, fossil | B3: ('air', 'low population density, long-term') | C3: =A3&""&B3 -> Carbon dioxide, fossil('air', 'low population density, long-term') | D3: 2.69e-11 | E3: kilogram | F3: 0
A4: Carbon dioxide, fossil | B4: ('air', 'lower stratosphere + upper troposphere') | C4: =A4&""&B4 -> Carbon dioxide, fossil('air', 'lower stratosphere + upper troposphere') | D4: 2.69e-11 | E4: kilogram | F4: 0
A5: Carbon dioxide, fossil | B5: ('air', 'non-urban air or from high stacks') | C5: =A5&""&B5 -> Carbon dioxide, fossil('air', 'non-urban air or from high stacks') | D5: 2.69e-11 | E5: kilogram | F5: 0
A6: Carbon dioxide, fossil | B6: ('air', 'urban air close to ground') | C6: =A6&""&B6 -> Carbon dioxide, fossil('air', 'urban air close to ground') | D6: 2.69e-11 | E6: kilogram | F6: 0
A7: Carbon dioxide, from soil or biomass stock | B7: ('air',) | C7: =A7&""&B7 -> Carbon dioxide, from soil or biomass stock('air',) | D7: 2.69e-11 | E7: kilogram | F7: 0
A8: Carbon dioxide, from soil or biomass stock | B8: ('air', 'low population density, long-term') | C8: =A8&""&B8 -> Carbon dioxide, from soil or biomass stock('air', 'low population density, long-term') | D8: 2.69e-11 | E8: kilogram | F8: 0
A9: Carbon dioxide, from soil or biomass stock | B9: ('air', 'lower stratosphere + upper troposphere') | C9: =A9&""&B9 -> Carbon dioxide, from soil or biomass stock('air', 'lower stratosphere + upper troposphere') | D9: 2.69e-11 | E9: kilogram | F9: 0
A10: Carbon dioxide, from soil or biomass stock | B10: ('air', 'non-urban air or from high stacks') | C10: =A10&""&B10 -> Carbon dioxide, from soil or biomass stock('air', 'non-urban air or from high stacks') | D10: 2.69e-11 | E10: kilogram | F10: 0
A11: Carbon dioxide, from soil or biomass stock | B11: ('air', 'urban air close to ground') | C11: =A11&""&B11 -> Carbon dioxide, from soil or biomass stock('air', 'urban air close to ground') | D11: 2.69e-11 | E11: kilogram | F11: 0
A12: Carbon dioxide, non-fossil | B12: ('air',) | C12: =A12&""&B12 -> Carbon dioxide, non-fossil('air',) | D12: 2.69e-11 | E12: kilogram | F12: 0
A13: Carbon dioxide, non-fossil | B13: ('air', 'low population density, long-term') | C13: =A13&""&B13 -> Carbon dioxide, non-fossil('air', 'low population density, long-term') | D13: 2.69e-11 | E13: kilogram | F13: 0
... A36: Methane, non-fossil | B36: ('air', 'urban air close to ground') | C36: =A36&""&B36 -> Methane, non-fossil('air', 'urban air close to ground') | D36: 7.4e-11 | E36: kilogram | F36: 0

Sheet OA
A2: Carbon dioxide, fossil | B2: ('air',) | C2: =A2&""&B2 -> Carbon dioxide, fossil('air',) | D2: 8.22e-14 | E2: kilogram | F2: 0
A3: Carbon dioxide, fossil | B3: ('air', 'low population density, long-term') | C3: =A3&""&B3 -> Carbon dioxide, fossil('air', 'low population density, long-term') | D3: 8.22e-14 | E3: kilogram | F3: 0
A4: Carbon dioxide, fossil | B4: ('air', 'lower stratosphere + upper troposphere') | C4: =A4&""&B4 -> Carbon dioxide, fossil('air', 'lower stratosphere + upper troposphere') | D4: 8.22e-14 | E4: kilogram | F4: 0
A5: Carbon dioxide, fossil | B5: ('air', 'non-urban air or from high stacks') | C5: =A5&""&B5 -> Carbon dioxide, fossil('air', 'non-urban air or from high stacks') | D5: 8.22e-14 | E5: kilogram | F5: 0
A6: Carbon dioxide, fossil | B6: ('air', 'urban air close to ground') | C6: =A6&""&B6 -> Carbon dioxide, fossil('air', 'urban air close to ground') | D6: 8.22e-14 | E6: kilogram | F6: 0
A7: Carbon dioxide, from soil or biomass stock | B7: ('air',) | C7: =A7&""&B7 -> Carbon dioxide, from soil or biomass stock('air',) | D7: 8.22e-14 | E7: kilogram | F7: 0
A8: Carbon dioxide, from soil or biomass stock | B8: ('air', 'low population density, long-term') | C8: =A8&""&B8 -> Carbon dioxide, from soil or biomass stock('air', 'low population density, long-term') | D8: 8.22e-14 | E8: kilogram | F8: 0
A9: Carbon dioxide, from soil or biomass stock | B9: ('air', 'lower stratosphere + upper troposphere') | C9: =A9&""&B9 -> Carbon dioxide, from soil or biomass stock('air', 'lower stratosphere + upper troposphere') | D9: 8.22e-14 | E9: kilogram | F9: 0
A10: Carbon dioxide, from soil or biomass stock | B10: ('air', 'non-urban air or from high stacks') | C10: =A10&""&B10 -> Carbon dioxide, from soil or biomass stock('air', 'non-urban air or from high stacks') | D10: 8.22e-14 | E10: kilogram | F10: 0
A11: Carbon dioxide, from soil or biomass stock | B11: ('air', 'urban air close to ground') | C11: =A11&""&B11 -> Carbon dioxide, from soil or biomass stock('air', 'urban air close to ground') | D11: 8.22e-14 | E11: kilogram | F11: 0
A12: Carbon dioxide, non-fossil | B12: ('air',) | C12: =A12&""&B12 -> Carbon dioxide, non-fossil('air',) | D12: 8.22e-14 | E12: kilogram | F12: 0
A13: Carbon dioxide, non-fossil | B13: ('air', 'low population density, long-term') | C13: =A13&""&B13 -> Carbon dioxide, non-fossil('air', 'low population density, long-term') | D13: 8.22e-14 | E13: kilogram | F13: 0
... A36: Methane, non-fossil | B36: ('air', 'urban air close to ground') | C36: =A36&""&B36 -> Methane, non-fossil('air', 'urban air close to ground') | D36: 2.26e-13 | E36: kilogram | F36: 0

Sheet AAL
A2: Elemental carbon | B2: ('air', 'urban air close to ground') | C2: =A2&""&B2 -> Elemental carbon('air', 'urban air close to ground') | D2: 1.07e-13 | E2: kilogram | F2: 0
A3: NMVOC, non-methane volatile organic compounds | B3: ('air',) | C3: =A3&""&B3 -> NMVOC, non-methane volatile organic compounds('air',) | D3: 1.93e-14 | E3: kilogram | F3: 0
A4: NMVOC, non-methane volatile organic compounds | B4: ('air', 'low population density, long-term') | C4: =A4&""&B4 -> NMVOC, non-methane volatile organic compounds('air', 'low population density, long-term') | D4: 1.93e-14 | E4: kilogram | F4: 0
A5: NMVOC, non-methane volatile organic compounds | B5: ('air', 'lower stratosphere + upper troposphere') | C5: =A5&""&B5 -> NMVOC, non-methane volatile organic compounds('air', 'lower stratosphere + upper troposphere') | D5: 1.93e-14 | E5: kilogram | F5: 0
A6: NMVOC, non-methane volatile organic compounds | B6: ('air', 'non-urban air or from high stacks') | C6: =A6&""&B6 -> NMVOC, non-methane volatile organic compounds('air', 'non-urban air or from high stacks') | D6: 1.93e-14 | E6: kilogram | F6: 0
A7: NMVOC, non-methane volatile organic compounds | B7: ('air', 'urban air close to ground') | C7: =A7&""&B7 -> NMVOC, non-methane volatile organic compounds('air', 'urban air close to ground') | D7: 4.83e-15 | E7: kilogram | F7: 0
A8: Nitrate | B8: ('air',) | C8: =A8&""&B8 -> Nitrate('air',) | D8: 9.73e-14 | E8: kilogram | F8: 0
A9: Nitrate | B9: ('air', 'low population density, long-term') | C9: =A9&""&B9 -> Nitrate('air', 'low population density, long-term') | D9: 9.73e-14 | E9: kilogram | F9: 0
A10: Nitrate | B10: ('air', 'lower stratosphere + upper troposphere') | C10: =A10&""&B10 -> Nitrate('air', 'lower stratosphere + upper troposphere') | D10: 9.73e-14 | E10: kilogram | F10: 0
A11: Nitrate | B11: ('air', 'non-urban air or from high stacks') | C11: =A11&""&B11 -> Nitrate('air', 'non-urban air or from high stacks') | D11: 9.73e-14 | E11: kilogram | F11: 0
A12: Nitrate | B12: ('air', 'urban air close to ground') | C12: =A12&""&B12 -> Nitrate('air', 'urban air close to ground') | D12: 9.73e-14 | E12: kilogram | F12: 0
A13: Nitrogen oxides | B13: ('air',) | C13: =A13&""&B13 -> Nitrogen oxides('air',) | D13: 3.67e-14 | E13: kilogram | F13: 0
... A42: Sulfur dioxide | B42: ('air', 'urban air close to ground') | C42: =A42&""&B42 -> Sulfur dioxide('air', 'urban air close to ground') | D42: 6.84e-14 | E42: kilogram | F42: 0

Sheet freshwater
A2: Water | B2: ('water', 'ground-') | C2: =A2&""&B2 -> Water('water', 'ground-') | D2: -1e-09 | E2: cubic meter | F2: 0
A3: Water | B3: ('water', 'surface water') | C3: =A3&""&B3 -> Water('water', 'surface water') | D3: -1e-09 | E3: cubic meter | F3: 0
A4: Water, cooling, unspecified natural origin | B4: ('natural resource', 'in water') | C4: =A4&""&B4 -> Water, cooling, unspecified natural origin('natural resource', 'in water') | D4: 1e-09 | E4: cubic meter | F4: 0
A5: Water, lake | B5: ('natural resource', 'in water') | C5: =A5&""&B5 -> Water, lake('natural resource', 'in water') | D5: 1e-09 | E5: cubic meter | F5: 0
A6: Water, river | B6: ('natural resource', 'in water') | C6: =A6&""&B6 -> Water, river('natural resource', 'in water') | D6: 1e-09 | E6: cubic meter | F6: 0
A7: Water, salt, ocean | B7: ('natural resource', 'in water') | C7: =A7&""&B7 -> Water, salt, ocean('natural resource', 'in water') | D7: 0 | E7: cubic meter | F7: 0
A8: Water, salt, sole | B8: ('natural resource', 'in water') | C8: =A8&""&B8 -> Water, salt, sole('natural resource', 'in water') | D8: 0 | E8: cubic meter | F8: 0
A9: Water, turbine use, unspecified natural origin | B9: ('natural resource', 'in water') | C9: =A9&""&B9 -> Water, turbine use, unspecified natural origin('natural resource', 'in water') | D9: 1e-09 | E9: cubic meter | F9: 0
A10: Water, unspecified natural origin | B10: ('natural resource', 'in water') | C10: =A10&""&B10 -> Water, unspecified natural origin('natural resource', 'in water') | D10: 1e-09 | E10: cubic meter | F10: 0
A11: Water, unspecified natural origin | B11: ('natural resource', 'fossil well') | C11: =A11&""&B11 -> Water, unspecified natural origin('natural resource', 'fossil well') | D11: 1e-09 | E11: cubic meter | F11: 0
A12: Water, unspecified natural origin | B12: ('natural resource', 'in ground') | C12: =A12&""&B12 -> Water, unspecified natural origin('natural resource', 'in ground') | D12: 1e-09 | E12: cubic meter | F12: 0
A13: Water, well, in ground | B13: ('natural resource', 'in water') | C13: =A13&""&B13 -> Water, well, in ground('natural resource', 'in water') | D13: 1e-09 | E13: cubic meter | F13: 0
... A16: Water | B16: ('water', 'ground-, long-term') | C16: =A16&""&B16 -> Water('water', 'ground-, long-term') | D16: -1e-09 | E16: cubic meter | F16: 0

Sheet BCF_P
A2: Phosphate | B2: ('water', 'surface water') | C2: =A2&""&B2 -> Phosphate('water', 'surface water') | D2: 2.81e-10 | E2: kilogram | F2: 0
A3: Phosphorus | B3: ('water', 'surface water') | C3: =A3&""&B3 -> Phosphorus('water', 'surface water') | D3: 8.61e-10 | E3: kilogram | F3: 0
A4: Acephate | B4: ('soil', 'agricultural') | C4: =A4&""&B4 -> Acephate('soil', 'agricultural') | D4: 6.11093e-11 | E4: kilogram | F4: 0
A5: Azinphos-methyl | B5: ('soil', 'agricultural') | C5: =A5&""&B5 -> Azinphos-methyl('soil', 'agricultural') | D5: 3.52801e-11 | E5: kilogram | F5: 0
A6: Chlorfenvinphos | B6: ('soil', 'agricultural') | C6: =A6&""&B6 -> Chlorfenvinphos('soil', 'agricultural') | D6: 3.11324e-11 | E6: kilogram | F6: 0
A7: Chlorpyrifos methyl | B7: ('soil', 'agricultural') | C7: =A7&""&B7 -> Chlorpyrifos methyl('soil', 'agricultural') | D7: 3.47139e-11 | E7: kilogram | F7: 0
A8: Chlorpyrifos | B8: ('soil', 'agricultural') | C8: =A8&""&B8 -> Chlorpyrifos('soil', 'agricultural') | D8: 9.60798e-11 | E8: kilogram | F8: 0
A9: Diazinon | B9: ('soil', 'agricultural') | C9: =A9&""&B9 -> Diazinon('soil', 'agricultural') | D9: 3.6784e-11 | E9: kilogram | F9: 0
A10: Dicrotophos | B10: ('soil', 'agricultural') | C10: =A10&""&B10 -> Dicrotophos('soil', 'agricultural') | D10: 4.71994e-11 | E10: kilogram | F10: 0
A11: Dimethoate | B11: ('soil', 'agricultural') | C11: =A11&""&B11 -> Dimethoate('soil', 'agricultural') | D11: 4.8832e-11 | E11: kilogram | F11: 0
A12: Ethephon | B12: ('soil', 'agricultural') | C12: =A12&""&B12 -> Ethephon('soil', 'agricultural') | D12: 7.74756e-11 | E12: kilogram | F12: 0
A13: Ethoprop | B13: ('soil', 'agricultural') | C13: =A13&""&B13 -> Ethoprop('soil', 'agricultural') | D13: 4.6204e-11 | E13: kilogram | F13: 0
... A32: Trichlorfon | B32: ('soil', 'agricultural') | C32: =A32&""&B32 -> Trichlorfon('soil', 'agricultural') | D32: 4.34874e-11 | E32: kilogram | F32: 0

Sheet BFC_N
A2: Nitrate | B2: ('water',) | C2: =A2&""&B2 -> Nitrate('water',) | D2: 5.51e-09 | E2: kilogram | F2: 0
A3: Nitrate | B3: ('water', 'ground-') | C3: =A3&""&B3 -> Nitrate('water', 'ground-') | D3: 6.45e-10 | E3: kilogram | F3: 0
A4: Nitrate | B4: ('water', 'ground-, long-term') | C4: =A4&""&B4 -> Nitrate('water', 'ground-, long-term') | D4: 6.45e-10 | E4: kilogram | F4: 0
A5: Nitrate | B5: ('water', 'ocean') | C5: =A5&""&B5 -> Nitrate('water', 'ocean') | D5: 6.45e-10 | E5: kilogram | F5: 0
A6: Nitrate | B6: ('water', 'surface water') | C6: =A6&""&B6 -> Nitrate('water', 'surface water') | D6: 5.51e-09 | E6: kilogram | F6: 0
A7: Nitric oxide | B7: ('air',) | C7: =A7&""&B7 -> Nitric oxide('air',) | D7: 8.22e-10 | E7: kilogram | F7: 0
A8: Nitrogen | B8: ('water',) | C8: =A8&""&B8 -> Nitrogen('water',) | D8: 2.44e-08 | E8: kilogram | F8: 0
A9: Nitrogen | B9: ('water', 'ground-') | C9: =A9&""&B9 -> Nitrogen('water', 'ground-') | D9: 2.44e-08 | E9: kilogram | F9: 0
A10: Nitrogen | B10: ('water', 'ground-, long-term') | C10: =A10&""&B10 -> Nitrogen('water', 'ground-, long-term') | D10: 2.44e-08 | E10: kilogram | F10: 0
A11: Nitrogen | B11: ('water', 'ocean') | C11: =A11&""&B11 -> Nitrogen('water', 'ocean') | D11: 2.44e-08 | E11: kilogram | F11: 0
A12: Nitrogen | B12: ('water', 'surface water') | C12: =A12&""&B12 -> Nitrogen('water', 'surface water') | D12: 2.44e-08 | E12: kilogram | F12: 0
A13: Nitrogen oxides | B13: ('air',) | C13: =A13&""&B13 -> Nitrogen oxides('air',) | D13: 8.22e-10 | E13: kilogram | F13: 0
... A25: Ammonia | B25: ('air', 'non-urban air or from high stacks') | C25: =A25&""&B25 -> Ammonia('air', 'non-urban air or from high stacks') | D25: 8.22e-10 | E25: kilogram | F25: 0

Sheet Ozone depletion
A2: Dinitrogen monoxide | B2: ('air',) | C2: =A2&""&B2 -> Dinitrogen monoxide('air',) | D2: 1.41e-10 | E2: kilogram | F2: 0
A3: Dinitrogen monoxide | B3: ('air', 'low population density, long-term') | C3: =A3&""&B3 -> Dinitrogen monoxide('air', 'low population density, long-term') | D3: 1.41e-10 | E3: kilogram | F3: 0
A4: Dinitrogen monoxide | B4: ('air', 'lower stratosphere + upper troposphere') | C4: =A4&""&B4 -> Dinitrogen monoxide('air', 'lower stratosphere + upper troposphere') | D4: 1.41e-10 | E4: kilogram | F4: 0
A5: Dinitrogen monoxide | B5: ('air', 'non-urban air or from high stacks') | C5: =A5&""&B5 -> Dinitrogen monoxide('air', 'non-urban air or from high stacks') | D5: 1.41e-10 | E5: kilogram | F5: 0
A6: Dinitrogen monoxide | B6: ('air', 'urban air close to ground') | C6: =A6&""&B6 -> Dinitrogen monoxide('air', 'urban air close to ground') | D6: 1.41e-10 | E6: kilogram | F6: 0
A7: Ethane, 1,1,1-trichloro-, HCFC-140 | B7: ('air',) | C7: =A7&""&B7 -> Ethane, 1,1,1-trichloro-, HCFC-140('air',) | D7: 1.32e-09 | E7: kilogram | F7: 0
A8: Ethane, 1,1,1-trichloro-, HCFC-140 | B8: ('air', 'low population density, long-term') | C8: =A8&""&B8 -> Ethane, 1,1,1-trichloro-, HCFC-140('air', 'low population density, long-term') | D8: 1.32e-09 | E8: kilogram | F8: 0
A9: Ethane, 1,1,1-trichloro-, HCFC-140 | B9: ('air', 'lower stratosphere + upper troposphere') | C9: =A9&""&B9 -> Ethane, 1,1,1-trichloro-, HCFC-140('air', 'lower stratosphere + upper troposphere') | D9: 1.32e-09 | E9: kilogram | F9: 0
A10: Ethane, 1,1,1-trichloro-, HCFC-140 | B10: ('air', 'non-urban air or from high stacks') | C10: =A10&""&B10 -> Ethane, 1,1,1-trichloro-, HCFC-140('air', 'non-urban air or from high stacks') | D10: 1.32e-09 | E10: kilogram | F10: 0
A11: Ethane, 1,1,1-trichloro-, HCFC-140 | B11: ('air', 'urban air close to ground') | C11: =A11&""&B11 -> Ethane, 1,1,1-trichloro-, HCFC-140('air', 'urban air close to ground') | D11: 1.32e-09 | E11: kilogram | F11: 0
A12: Ethane, 1,1,2-trichloro-1,2,2-trifluoro-, CFC-113 | B12: ('air',) | C12: =A12&""&B12 -> Ethane, 1,1,2-trichloro-1,2,2-trifluoro-, CFC-113('air',) | D12: 4.91e-09 | E12: kilogram | F12: 0
A13: Ethane, 1,1,2-trichloro-1,2,2-trifluoro-, CFC-113 | B13: ('air', 'low population density, long-term') | C13: =A13&""&B13 -> Ethane, 1,1,2-trichloro-1,2,2-trifluoro-, CFC-113('air', 'low population density, long-term') | D13: 4.91e-09 | E13: kilogram | F13: 0
... A76: Methane, trichlorofluoro-, CFC-11 | B76: ('air', 'urban air close to ground') | C76: =A76&""&B76 -> Methane, trichlorofluoro-, CFC-11('air', 'urban air close to ground') | D76: 7.85e-09 | E76: kilogram | F76: 0

Sheet Land change
A2: Transformation, from forest, extensive | B2: ('natural resource', 'land') | C2: =A2&""&B2 -> Transformation, from forest, extensive('natural resource', 'land') | D2: 1.56e-12 | E2: square meter | F2: 0
A3: Transformation, from forest, intensive | B3: ('natural resource', 'land') | C3: =A3&""&B3 -> Transformation, from forest, intensive('natural resource', 'land') | D3: 1.56e-12 | E3: square meter | F3: 0
A4: Transformation, from forest, primary (non-use) | B4: ('natural resource', 'land') | C4: =A4&""&B4 -> Transformation, from forest, primary (non-use)('natural resource', 'land') | D4: 1.56e-12 | E4: square meter | F4: 0
A5: Transformation, from forest, secondary (non-use) | B5: ('natural resource', 'land') | C5: =A5&""&B5 -> Transformation, from forest, secondary (non-use)('natural resource', 'land') | D5: 1.56e-12 | E5: square meter | F5: 0
A6: Transformation, from forest, unspecified | B6: ('natural resource', 'land') | C6: =A6&""&B6 -> Transformation, from forest, unspecified('natural resource', 'land') | D6: 1.56e-12 | E6: square meter | F6: 0
A7: Transformation, to forest, extensive | B7: ('natural resource', 'land') | C7: =A7&""&B7 -> Transformation, to forest, extensive('natural resource', 'land') | D7: -1.56e-12 | E7: square meter | F7: 0
A8: Transformation, to forest, intensive | B8: ('natural resource', 'land') | C8: =A8&""&B8 -> Transformation, to forest, intensive('natural resource', 'land') | D8: -1.56e-12 | E8: square meter | F8: 0
A9: Transformation, to forest, primary (non-use) | B9: ('natural resource', 'land') | C9: =A9&""&B9 -> Transformation, to forest, primary (non-use)('natural resource', 'land') | D9: -1.56e-12 | E9: square meter | F9: 0
A10: Transformation, to forest, secondary (non-use) | B10: ('natural resource', 'land') | C10: =A10&""&B10 -> Transformation, to forest, secondary (non-use)('natural resource', 'land') | D10: -1.56e-12 | E10: square meter | F10: 0
A11: Transformation, to forest, unspecified | B11: ('natural resource', 'land') | C11: =A11&""&B11 -> Transformation, to forest, unspecified('natural resource', 'land') | D11: -1.56e-12 | E11: square meter | F11: 0

Sheet biosphere integrity
A2: Occupation, annual crop | B2: ('natural resource', 'land') | C2: =A2&""&B2 -> Occupation, annual crop('natural resource', 'land') | D2: 6.9230769e-13 | E2: square meter-year | F2: 0
A3: Occupation, annual crop, greenhouse | B3: ('natural resource', 'land') | C3: =A3&""&B3 -> Occupation, annual crop, greenhouse('natural resource', 'land') | D3: 6.9230769e-13 | E3: square meter-year | F3: 0
A4: Occupation, annual crop, irrigated | B4: ('natural resource', 'land') | C4: =A4&""&B4 -> Occupation, annual crop, irrigated('natural resource', 'land') | D4: 6.9230769e-13 | E4: square meter-year | F4: 0
A5: Occupation, annual crop, irrigated, extensive | B5: ('natural resource', 'land') | C5: =A5&""&B5 -> Occupation, annual crop, irrigated, extensive('natural resource', 'land') | D5: 5.3846154e-13 | E5: square meter-year | F5: 0
A6: Occupation, annual crop, irrigated, intensive | B6: ('natural resource', 'land') | C6: =A6&""&B6 -> Occupation, annual crop, irrigated, intensive('natural resource', 'land') | D6: 6.9230769e-13 | E6: square meter-year | F6: 0
A7: Occupation, annual crop, non-irrigated | B7: ('natural resource', 'land') | C7: =A7&""&B7 -> Occupation, annual crop, non-irrigated('natural resource', 'land') | D7: 6.9230769e-13 | E7: square meter-year | F7: 0
A8: Occupation, annual crop, non-irrigated, extensive | B8: ('natural resource', 'land') | C8: =A8&""&B8 -> Occupation, annual crop, non-irrigated, extensive('natural resource', 'land') | D8: 5.3846154e-13 | E8: square meter-year | F8: 0
A9: Occupation, annual crop, non-irrigated, intensive | B9: ('natural resource', 'land') | C9: =A9&""&B9 -> Occupation, annual crop, non-irrigated, intensive('natural resource', 'land') | D9: 6.9230769e-13 | E9: square meter-year | F9: 0
A10: Occupation, arable land, unspecified use | B10: ('natural resource', 'land') | C10: =A10&""&B10 -> Occupation, arable land, unspecified use('natural resource', 'land') | D10: 6.9230769e-13 | E10: square meter-year | F10: 0
A11: Occupation, construction site | B11: ('natural resource', 'land') | C11: =A11&""&B11 -> Occupation, construction site('natural resource', 'land') | D11: 7.3076923e-13 | E11: square meter-year | F11: 0
A12: Occupation, dump site | B12: ('natural resource', 'land') | C12: =A12&""&B12 -> Occupation, dump site('natural resource', 'land') | D12: 7.3076923e-13 | E12: square meter-year | F12: 0
A13: Occupation, forest, extensive | B13: ('natural resource', 'land') | C13: =A13&""&B13 -> Occupation, forest, extensive('natural resource', 'land') | D13: 2.3076923e-13 | E13: square meter-year | F13: 0
... A223: Sulfur hexafluoride | B223: ('air', 'non-urban air or from high stacks') | C223: =A223&""&B223 -> Sulfur hexafluoride('air', 'non-urban air or from high stacks') | D223: 5.4180692e-09 | E223: kilogram | F223: 0
